{
  "model_performance": {
    "D0": {
      "r2": 0.900049733788407
    },
    "D1": {
      "r2": 0.9091639347429138
    },
    "D2": {
      "r2": 0.7729195229608858
    },
    "D3": {
      "r2": 0.7429085759042061
    },
    "D4": {
      "r2": 0.6157109106416723
    }
  },
  "validation_metrics": {
    "D0": {
      "r2": -0.3135741346059253,
      "mae": 5.720330805460613,
      "rmse": 8.941931746950933
    },
    "D1": {
      "r2": -1.9774046789842266,
      "mae": 8.82558757019043,
      "rmse": 11.532093505171106
    },
    "D2": {
      "r2": -14.565359484458789,
      "mae": 34.93258721224467,
      "rmse": 40.79603803578754
    },
    "D3": {
      "r2": -38.7218942445262,
      "mae": 3.921295279848078,
      "rmse": 6.644804618090766
    },
    "D4": {
      "r2": 0.0,
      "mae": 0.008410019043367356,
      "rmse": 0.01916386537648949
    }
  },
  "prediction_patterns": {
    "D0": {
      "small_diffs_count": 9,
      "small_diffs_percent": 1.0011123470522802,
      "mean_diff": 11.942895311137063,
      "median_diff": 7.2870330810546875,
      "max_diff": 79.69252586364746
    },
    "D1": {
      "small_diffs_count": 7,
      "small_diffs_percent": 0.778642936596218,
      "mean_diff": 14.814763002238497,
      "median_diff": 9.837776184082031,
      "max_diff": 75.83139038085938
    },
    "D2": {
      "small_diffs_count": 1,
      "small_diffs_percent": 0.11123470522803114,
      "mean_diff": 14.989397777714771,
      "median_diff": 10.463111877441406,
      "max_diff": 77.71918106079102
    },
    "D3": {
      "small_diffs_count": 47,
      "small_diffs_percent": 5.228031145717464,
      "mean_diff": 7.004372066212144,
      "median_diff": 3.1178529858589172,
      "max_diff": 58.40692329406738
    },
    "D4": {
      "small_diffs_count": 111,
      "small_diffs_percent": 12.347052280311457,
      "mean_diff": 1.9921712864114456,
      "median_diff": 0.495560884475708,
      "max_diff": 36.5267219543457
    }
  },
  "training_data_size": 768,
  "prediction_data_size": 900
}