{
    "regression": {
        "drought_indices": {
            "D0": {
                "r2": 0.8277171678461643,
                "mae": 10.29770346398461,
                "mse": 248.6089135720873,
                "rmse": 15.638277733040649
            },
            "D1": {
                "r2": 0.800829477559863,
                "mae": 9.878585558863957,
                "mse": 253.85240997766,
                "rmse": 15.622246984057384
            },
            "D2": {
                "r2": 0.6810072649538965,
                "mae": 7.847856260056784,
                "mse": 198.82767121164295,
                "rmse": 14.016937221371418
            },
            "D3": {
                "r2": 0.6350512903903527,
                "mae": 4.681745989149625,
                "mse": 110.1091444061271,
                "rmse": 10.414981012981077
            },
            "D4": {
                "r2": -0.007243937355404984,
                "mae": 2.4601715799501527,
                "mse": 52.6753737144158,
                "rmse": 6.9817730218010015
            }
        }
    },
    "classification": {
        "D4_binary": {
            "accuracy": 0.8703125,
            "precision": 0.4432917994784121,
            "recall": 0.42612531328320796,
            "f1": 0.4327619815823082
        }
    },
    "model_details": {
        "time_period": "1950-2013",
        "n_splits": 5,
        "features_count": {
            "D0": 12,
            "D1": 12,
            "D2": 17,
            "D3": 20,
            "D4": 30
        }
    }
}