{
    "regression": {
        "drought_indices": {
            "D0": {
                "r2": 0.8289279027689449,
                "mae": 10.246398614444105,
                "mse": 246.537726558105,
                "rmse": 15.579993262488808
            },
            "D1": {
                "r2": 0.7973566201201902,
                "mae": 10.000394263949115,
                "mse": 258.0439680059132,
                "rmse": 15.75979113937753
            },
            "D2": {
                "r2": 0.6863214091141863,
                "mae": 7.858766312658256,
                "mse": 196.3386065492587,
                "rmse": 13.925208953867244
            },
            "D3": {
                "r2": 0.6387821611618392,
                "mae": 4.724639497646185,
                "mse": 109.7212877689612,
                "rmse": 10.402821235630409
            },
            "D4": {
                "r2": -0.013896876184338968,
                "mae": 2.4586208082507985,
                "mse": 53.312992506878444,
                "rmse": 7.038946333935419
            }
        }
    },
    "classification": {
        "D4_binary": {
            "accuracy": 0.8703125,
            "precision": 0.4432917994784121,
            "recall": 0.42612531328320796,
            "f1": 0.4327619815823082
        }
    },
    "model_details": {
        "time_period": "1950-2013",
        "n_splits": 5,
        "features_count": {
            "D0": 12,
            "D1": 12,
            "D2": 17,
            "D3": 20,
            "D4": 30
        }
    }
}