{
    "regression": {
        "drought_indices": {
            "D0": {
                "r2": 0.8083247609071897,
                "mae": 11.898230229398497,
                "mse": 279.62343635936855,
                "rmse": 16.476859072674923
            },
            "D1": {
                "r2": 0.7820215209648967,
                "mae": 11.231322228368652,
                "mse": 275.51733819432354,
                "rmse": 16.311971209683595
            },
            "D2": {
                "r2": 0.7038389615842467,
                "mae": 8.158094167352376,
                "mse": 185.8985406595892,
                "rmse": 13.552652371519695
            },
            "D3": {
                "r2": 0.6088775764276831,
                "mae": 5.840625279061714,
                "mse": 125.20258275399394,
                "rmse": 11.13310617270668
            },
            "D4": {
                "r2": -0.1630980480464576,
                "mae": 3.4500336187972906,
                "mse": 57.78283698157041,
                "rmse": 7.466967131241709
            }
        }
    },
    "classification": {
        "D4_binary": {
            "accuracy": 0.8703125,
            "precision": 0.4432917994784121,
            "recall": 0.42612531328320796,
            "f1": 0.4327619815823082
        }
    },
    "model_details": {
        "time_period": "1950-2013",
        "n_splits": 5,
        "features_count": {
            "D0": 12,
            "D1": 12,
            "D2": 17,
            "D3": 20,
            "D4": 30
        }
    }
}