{
    "regression": {
        "drought_indices": {
            "D0": {
                "r2": 0.8258739624584648,
                "mae": 10.29844610329636,
                "mse": 250.42353151014512,
                "rmse": 15.714088724503885
            },
            "D1": {
                "r2": 0.7995997544059976,
                "mae": 9.87362181891795,
                "mse": 254.6117455986833,
                "rmse": 15.663487826159496
            },
            "D2": {
                "r2": 0.6809025348335649,
                "mae": 7.923023281742717,
                "mse": 200.20007514855845,
                "rmse": 14.061893341476003
            },
            "D3": {
                "r2": 0.6355550058682892,
                "mae": 4.668387035302,
                "mse": 109.76404375045092,
                "rmse": 10.387080243972095
            },
            "D4": {
                "r2": -0.02132668972864913,
                "mae": 2.4793886313793343,
                "mse": 53.583681651202674,
                "rmse": 7.041658109541939
            }
        }
    },
    "classification": {
        "D4_binary": {
            "accuracy": 0.8703125,
            "precision": 0.4432917994784121,
            "recall": 0.42612531328320796,
            "f1": 0.4327619815823082
        }
    },
    "model_details": {
        "time_period": "1950-2013",
        "n_splits": 5,
        "features_count": {
            "D0": 12,
            "D1": 12,
            "D2": 17,
            "D3": 20,
            "D4": 30
        }
    }
}