{
    "regression": {
        "drought_indices": {
            "D0": {
                "r2": 0.8263911321608747,
                "mae": 10.256007386324466,
                "mse": 249.948644588541,
                "rmse": 15.68626739617766
            },
            "D1": {
                "r2": 0.8016911155786712,
                "mae": 9.930369784409526,
                "mse": 251.9931605121228,
                "rmse": 15.567207912139068
            },
            "D2": {
                "r2": 0.6810998842042544,
                "mae": 7.917534461982467,
                "mse": 199.9289323804548,
                "rmse": 14.044666570814877
            },
            "D3": {
                "r2": 0.6341826133565831,
                "mae": 4.68616653126581,
                "mse": 110.84300884842057,
                "rmse": 10.44539091828831
            },
            "D4": {
                "r2": -0.009604095831726034,
                "mae": 2.46313739180491,
                "mse": 52.64290797153584,
                "rmse": 6.980237840351057
            }
        }
    },
    "classification": {
        "D4_binary": {
            "accuracy": 0.8703125,
            "precision": 0.4432917994784121,
            "recall": 0.42612531328320796,
            "f1": 0.4327619815823082
        }
    },
    "model_details": {
        "time_period": "1950-2013",
        "n_splits": 5,
        "features_count": {
            "D0": 12,
            "D1": 12,
            "D2": 17,
            "D3": 20,
            "D4": 30
        }
    }
}