{
    "regression": {
        "drought_indices": {
            "D0": {
                "r2": 0.8278704004460637,
                "mae": 10.229723802239775,
                "mse": 247.69557240482737,
                "rmse": 15.6312397891666
            },
            "D1": {
                "r2": 0.799493820732829,
                "mae": 9.892602646270438,
                "mse": 254.51650971076242,
                "rmse": 15.652718423143497
            },
            "D2": {
                "r2": 0.6819013801510155,
                "mae": 7.819797923680843,
                "mse": 198.63947536257115,
                "rmse": 14.00260844763865
            },
            "D3": {
                "r2": 0.6380066022364694,
                "mae": 4.681931283543906,
                "mse": 109.90462709652088,
                "rmse": 10.406759418011744
            },
            "D4": {
                "r2": -0.00776533178955705,
                "mae": 2.4451620102058795,
                "mse": 52.44104298937275,
                "rmse": 6.956609955120676
            }
        }
    },
    "classification": {
        "D4_binary": {
            "accuracy": 0.8703125,
            "precision": 0.4432917994784121,
            "recall": 0.42612531328320796,
            "f1": 0.4327619815823082
        }
    },
    "model_details": {
        "time_period": "1950-2013",
        "n_splits": 5,
        "features_count": {
            "D0": 12,
            "D1": 12,
            "D2": 17,
            "D3": 20,
            "D4": 30
        }
    }
}