{
    "regression": {
        "drought_indices": {
            "D0": {
                "r2": 0.8262252403709782,
                "mae": 10.310783604323445,
                "mse": 250.60646778504625,
                "rmse": 15.705995108374973
            },
            "D1": {
                "r2": 0.7986888135073693,
                "mae": 10.019973124084302,
                "mse": 255.32537354087617,
                "rmse": 15.690726049926292
            },
            "D2": {
                "r2": 0.683133546154543,
                "mae": 7.882564830877795,
                "mse": 198.85798593855063,
                "rmse": 14.013238268254685
            },
            "D3": {
                "r2": 0.6367537240817487,
                "mae": 4.6161809229660395,
                "mse": 109.58172037986795,
                "rmse": 10.390976005961189
            },
            "D4": {
                "r2": -0.019952469443980013,
                "mae": 2.4556725197276057,
                "mse": 53.309633661193594,
                "rmse": 7.01643172932869
            }
        }
    },
    "classification": {
        "D4_binary": {
            "accuracy": 0.8703125,
            "precision": 0.4432917994784121,
            "recall": 0.42612531328320796,
            "f1": 0.4327619815823082
        }
    },
    "model_details": {
        "time_period": "1950-2013",
        "n_splits": 5,
        "features_count": {
            "D0": 12,
            "D1": 12,
            "D2": 17,
            "D3": 20,
            "D4": 30
        }
    }
}