{
    "regression": {
        "drought_indices": {
            "D0": {
                "r2": 0.8277569399604403,
                "mae": 10.330387025971103,
                "mse": 247.8059975761483,
                "rmse": 15.621604696448312
            },
            "D1": {
                "r2": 0.796013799223833,
                "mae": 10.004529922402225,
                "mse": 259.0398760728255,
                "rmse": 15.797791497757853
            },
            "D2": {
                "r2": 0.6879058644414542,
                "mae": 7.791123604070632,
                "mse": 195.17831351789133,
                "rmse": 13.879812130237388
            },
            "D3": {
                "r2": 0.6396234825778006,
                "mae": 4.62300192920099,
                "mse": 108.95013422376147,
                "rmse": 10.35462031822153
            },
            "D4": {
                "r2": -0.00837506055992061,
                "mae": 2.4526643470769742,
                "mse": 52.45774161470331,
                "rmse": 6.963396627310052
            }
        }
    },
    "classification": {
        "D4_binary": {
            "accuracy": 0.8703125,
            "precision": 0.4432917994784121,
            "recall": 0.42612531328320796,
            "f1": 0.4327619815823082
        }
    },
    "model_details": {
        "time_period": "1950-2013",
        "n_splits": 5,
        "features_count": {
            "D0": 12,
            "D1": 12,
            "D2": 17,
            "D3": 20,
            "D4": 30
        }
    }
}