{
    "regression": {
        "drought_indices": {
            "D0": {
                "r2": 0.8271397494421645,
                "mae": 10.284016660566744,
                "mse": 248.43366866561473,
                "rmse": 15.6600875774506
            },
            "D1": {
                "r2": 0.8011253668945105,
                "mae": 9.913677115973002,
                "mse": 252.87080130234034,
                "rmse": 15.613132580745452
            },
            "D2": {
                "r2": 0.6887714715466238,
                "mae": 7.741489422745349,
                "mse": 194.74063350748307,
                "rmse": 13.870676164570668
            },
            "D3": {
                "r2": 0.6407015987330169,
                "mae": 4.652023488206469,
                "mse": 108.9530405519541,
                "rmse": 10.354380286667269
            },
            "D4": {
                "r2": -0.018127825533416984,
                "mae": 2.4637646497500665,
                "mse": 52.74461561844335,
                "rmse": 6.999206480202109
            }
        }
    },
    "classification": {
        "D4_binary": {
            "accuracy": 0.8703125,
            "precision": 0.4432917994784121,
            "recall": 0.42612531328320796,
            "f1": 0.4327619815823082
        }
    },
    "model_details": {
        "time_period": "1950-2013",
        "n_splits": 5,
        "features_count": {
            "D0": 12,
            "D1": 12,
            "D2": 17,
            "D3": 20,
            "D4": 30
        }
    }
}