{
  "validation_metrics": {
    "D0": {
      "r2": -0.4581891291446665,
      "mae": 5.281125,
      "rmse": 9.421303285860544
    },
    "D1": {
      "r2": -0.7270669708531008,
      "mae": 7.960791666666666,
      "rmse": 8.783018775597602
    },
    "D2": {
      "r2": -1.2443503927314512,
      "mae": 12.382458333333334,
      "rmse": 15.491152911285635
    },
    "D3": {
      "r2": -0.7009708737864078,
      "mae": 0.8827083333333334,
      "rmse": 1.375041097870654
    },
    "D4": {
      "r2": 1.0,
      "mae": 0.0,
      "rmse": 0.0
    }
  },
  "feature_importance": {
    "D4": {
      "baseflow": 0.3876321315765381,
      "rainfall": 0.25741246342658997,
      "airtemp": 0.2483866661787033,
      "ev": 0.10656871646642685
    }
  },
  "prediction_statistics": {
    "D0": {
      "min": 81.91,
      "max": 81.91,
      "mean": 81.90999999999998,
      "median": 81.91
    },
    "D1": {
      "min": 76.32,
      "max": 76.32,
      "mean": 76.31999999999996,
      "median": 76.32
    },
    "D2": {
      "min": 63.010000000000005,
      "max": 63.010000000000005,
      "mean": 63.01,
      "median": 63.010000000000005
    },
    "D3": {
      "min": 2.23,
      "max": 2.23,
      "mean": 2.23,
      "median": 2.23
    },
    "D4": {
      "min": 0.0,
      "max": 0.0,
      "mean": 0.0,
      "median": 0.0
    }
  },
  "historical_statistics": {
    "D0": {
      "min": 0.0,
      "max": 100.1,
      "mean": 42.539498046875,
      "median": 31.2
    },
    "D1": {
      "min": 0.0,
      "max": 100.0,
      "mean": 30.7611640625,
      "median": 9.3
    },
    "D2": {
      "min": 0.0,
      "max": 100.0,
      "mean": 15.367408203125,
      "median": 0.0
    },
    "D3": {
      "min": 0.0,
      "max": 95.09,
      "mean": 6.966736328124999,
      "median": 0.0
    },
    "D4": {
      "min": 0.0,
      "max": 71.8,
      "mean": 1.8477864583333334,
      "median": 0.0
    }
  },
  "training_data_size": 767,
  "prediction_data_size": 900,
  "features_used": {
    "total": 150,
    "base": 8,
    "seasonal": 2,
    "derived": 140
  }
}