{
    "regression": {
        "drought_indices": {
            "D0": {
                "r2": 0.8286859571931682,
                "mae": 10.191703641443869,
                "mse": 246.8552457643022,
                "rmse": 15.59934612395092
            },
            "D1": {
                "r2": 0.7994565506959608,
                "mae": 9.973413988573267,
                "mse": 254.5529965778932,
                "rmse": 15.663069353685438
            },
            "D2": {
                "r2": 0.6870163633249671,
                "mae": 7.862457475624036,
                "mse": 195.76823288078964,
                "rmse": 13.905666621408226
            },
            "D3": {
                "r2": 0.6342748056675022,
                "mae": 4.708948914727676,
                "mse": 111.57847895174446,
                "rmse": 10.477608302088283
            },
            "D4": {
                "r2": -0.005540244468977407,
                "mae": 2.4541085621301235,
                "mse": 52.34268434212645,
                "rmse": 6.958650382549789
            }
        }
    },
    "classification": {
        "D4_binary": {
            "accuracy": 0.8703125,
            "precision": 0.4432917994784121,
            "recall": 0.42612531328320796,
            "f1": 0.4327619815823082
        }
    },
    "model_details": {
        "time_period": "1950-2013",
        "n_splits": 5,
        "features_count": {
            "D0": 12,
            "D1": 12,
            "D2": 17,
            "D3": 20,
            "D4": 30
        }
    }
}